MAE,MSE,RMSE,R2
4.716546481374835,40.020360469388486,6.326164751995358,0.6553946773112431
